{"VBOdata":[
-0.7713615,0.9175566,0,0,0,-1,0,0,1.048607,0.9175566,0,0,0,-1,1,0,-0.7713615,-0.7692434,0,0,0,-1,0,1,1.048607,-0.7692434,0,0,0,-1,1,1,-0.7713615,-0.7692434,4.559873,0,0,1,0,0,1.048607,-0.7692434,4.559873,0,0,1,1,0,-0.7713615,0.9175566,4.559873,0,0,1,0,1,1.048607,0.9175566,4.559873,0,0,1,1,1,-0.7713615,-0.7692434,0,0,-1,0,0,0,1.048607,-0.7692434,0,0,-1,0,1,0,-0.7713615,-0.7692434,4.559873,0,-1,0,0,1,1.048607,-0.7692434,4.559873,0,-1,0,1,1,1.048607,-0.7692434,0,1,0,0,0,0,1.048607,0.9175566,0,1,0,0,1,0,1.048607,-0.7692434,4.559873,1,0,0,0,1,1.048607,0.9175566,4.559873,1,0,0,1,1,1.048607,0.9175566,0,0,1,0,0,0,-0.7713615,0.9175566,0,0,1,0,1,0,1.048607,0.9175566,4.559873,0,1,0,0,1,-0.7713615,0.9175566,4.559873,0,1,0,1,1,-0.7713615,0.9175566,0,-1,0,0,0,0,-0.7713615,-0.7692434,0,-1,0,0,1,0,-0.7713615,0.9175566,4.559873,-1,0,0,0,1,-0.7713615,-0.7692434,4.559873,-1,0,0,1,1],
"IBOdata":[
0,1,3,4,5,7,8,9,11,12,13,15,16,17,19,20,21,23,0,3,2,4,7,6,8,11,10,12,15,14,16,19,18,20,23,22]}
